{
  "biasx": -0.07449875914895496,
  "biasy": 0.10944999491865276,
  "gainx": -20.77459682342166,
  "gainy": 386.532173958767
}