{
  "biasx": 0.04823572834332784,
  "biasy": 0.10461930831273397,
  "gainx": -62.59234201847369,
  "gainy": -42.66992712880116
}